Rainfall,Salinity,TideLevel,pH,DO,District,AvgSalinity,Day,Tide
120,18.5,1.8,7.6,5.8,Nam Can,18.5,Day 1,1.65
95,21.0,2.1,7.4,6.2,Ngoc Hien,21.0,Day 2,1.82
150,15.2,1.5,7.8,6.8,Dam Doi,15.2,Day 3,2.05
80,24.5,2.4,7.2,5.1,Phu Tan,24.5,Day 4,2.25
175,12.8,1.3,8.0,7.2,Nam Can,18.5,Day 5,1.95
110,19.5,1.9,7.5,6.0,Ngoc Hien,21.0,Day 6,2.35
135,16.8,1.7,7.7,6.5,Dam Doi,15.2,Day 7,2.55
100,22.3,2.2,7.3,5.6,Phu Tan,24.5,Day 1,1.65
160,14.5,1.4,7.9,7.0,Nam Can,18.5,Day 2,1.82
90,23.8,2.3,7.1,5.3,Ngoc Hien,21.0,Day 3,2.05
145,17.5,1.6,7.6,6.7,Dam Doi,15.2,Day 4,2.25
125,20.5,2.0,7.4,6.1,Phu Tan,24.5,Day 5,1.95
180,11.5,1.2,8.1,7.4,Nam Can,18.5,Day 6,2.35
105,21.8,2.1,7.3,5.9,Ngoc Hien,21.0,Day 7,2.55
155,13.5,1.4,7.9,7.1,Dam Doi,15.2,Day 1,1.65
85,25.0,2.5,7.0,5.0,Phu Tan,24.5,Day 2,1.82
